time,phase,speed,turn,gait,FL_shldr_goal,FL_femur_goal,FL_tibia_goal,FR_shldr_goal,FR_femur_goal,FR_tibia_goal,RL_shldr_goal,RL_femur_goal,RL_tibia_goal,RR_shldr_goal,RR_femur_goal,RR_tibia_goal,FL_shldr_actual,FL_femur_actual,FL_tibia_actual,FR_shldr_actual,FR_femur_actual,FR_tibia_actual,RL_shldr_actual,RL_femur_actual,RL_tibia_actual,RR_shldr_actual,RR_femur_actual,RR_tibia_actual
2.079,0.0267,-1.0,0.0,walk,221,644,123,802,256,915,802,226,743,515,675,275,213,698,126,798,254,916,800,226,743,502,679,273
2.369,0.06,-1.0,0.0,walk,221,646,122,802,248,912,802,214,757,515,685,273,212,656,122,801,253,911,802,215,754,498,690,266
2.659,0.0933,-1.0,0.0,walk,221,650,121,802,242,910,802,197,794,515,696,272,212,654,120,801,244,910,802,199,764,498,699,277
2.949,0.1267,-1.0,0.0,walk,221,655,119,802,237,907,802,228,806,515,707,271,212,656,118,802,239,907,802,231,764,498,710,272
3.239,0.16,-1.0,0.0,walk,221,661,117,802,233,905,802,279,808,515,718,271,213,660,113,802,235,905,801,-1,-1,-1,498,-1
3.529,0.1933,-1.0,0.0,walk,221,668,114,802,230,903,802,331,798,515,728,271,214,667,111,802,233,903,801,334,764,500,730,272
3.819,0.2267,-1.0,0.0,walk,221,677,112,802,228,901,802,367,770,515,738,273,216,676,109,803,230,903,801,369,763,501,739,272
4.109,0.26,-1.0,0.0,walk,221,687,109,802,226,900,802,379,743,515,746,274,217,681,104,803,228,903,802,379,744,504,743,272
4.399,0.2933,-1.0,0.0,walk,221,697,107,802,226,900,802,378,744,515,754,276,218,692,104,805,227,904,803,378,744,505,750,272
4.699,0.3267,-1.0,0.0,walk,221,708,105,802,199,936,802,375,745,515,761,279,219,701,101,803,197,925,801,376,743,510,766,272
4.989,0.36,-1.0,0.0,walk,221,719,104,802,209,958,802,371,746,515,766,281,224,712,101,802,204,928,802,372,745,514,767,272
5.279,0.3933,-1.0,0.0,walk,221,730,104,802,252,965,802,365,748,515,771,284,225,720,101,803,233,928,804,366,751,516,771,274
5.569,0.4267,-1.0,0.0,walk,221,740,104,802,306,962,802,358,751,515,775,286,225,726,101,806,258,928,806,359,755,515,769,284
5.859,0.46,-1.0,0.0,walk,221,750,105,802,352,943,802,350,753,515,777,288,223,735,101,807,298,928,807,346,755,514,785,285
6.149,0.4933,-1.0,0.0,walk,221,759,106,802,377,908,802,341,756,515,779,289,224,750,101,810,351,905,809,334,756,514,773,284
6.439,0.5267,-1.0,0.0,walk,221,767,108,802,379,900,802,331,758,515,780,290,219,758,98,809,355,-1,-1,810,755,-1,-1,773
6.729,0.56,-1.0,0.0,walk,221,775,111,802,377,901,802,321,760,515,792,276,223,766,103,809,356,898,810,318,756,513,789,286
7.019,0.5933,-1.0,0.0,walk,221,781,113,802,373,902,802,310,761,515,809,239,222,772,106,810,356,900,809,306,756,513,807,272
7.309,0.6267,-1.0,0.0,walk,221,786,116,802,368,904,802,299,762,515,778,228,220,779,111,809,358,903,809,294,756,513,773,272
7.599,0.66,-1.0,0.0,walk,221,790,118,802,362,906,802,288,762,515,727,225,222,784,112,808,358,906,809,284,756,513,722,272
7.889,0.6933,-1.0,0.0,walk,221,793,120,802,355,909,802,278,762,515,675,235,220,786,115,807,351,910,808,275,756,513,671,272
8.179,0.7267,-1.0,0.0,walk,221,795,122,802,346,911,802,268,761,515,639,263,220,789,117,806,342,913,807,266,756,513,636,-1
8.469,0.76,-1.0,0.0,walk,221,797,123,802,336,914,802,260,759,515,626,290,220,792,117,803,333,915,804,260,756,513,623,275
8.759,0.7933,-1.0,0.0,walk,221,797,123,802,326,916,802,252,757,515,628,290,220,793,115,801,323,-1,-1,804,253,767,625,275
9.049,0.8267,-1.0,0.0,walk,221,824,87,802,315,918,802,245,754,515,631,288,219,813,93,799,315,918,801,242,756,513,628,275
9.339,0.86,-1.0,0.0,walk,221,814,65,802,304,919,802,240,752,515,635,287,219,822,86,797,302,916,797,240,756,513,631,275
9.629,0.8933,-1.0,0.0,walk,221,771,58,802,293,919,802,235,749,515,640,285,218,796,87,796,298,917,797,233,753,511,637,276
9.919,0.9267,-1.0,0.0,walk,221,717,61,802,283,919,802,231,747,515,647,282,217,769,87,796,294,916,798,231,748,508,650,276
10.209,0.96,-1.0,0.0,walk,221,671,80,802,273,918,802,229,745,515,656,280,215,707,86,798,276,917,801,231,746,502,659,276
10.499,0.9933,-1.0,0.0,walk,221,646,115,802,264,917,802,227,744,515,665,277,213,672,109,802,267,917,806,229,746,501,671,276
10.789,0.0267,-1.0,0.0,walk,221,644,123,802,256,915,802,226,743,515,675,275,213,657,120,802,258,916,801,228,744,501,679,275
11.079,0.06,-1.0,0.0,walk,221,646,122,802,248,912,802,214,757,515,685,273,214,656,120,802,252,913,-1,-1,215,753,-1,274
11.369,0.0933,-1.0,0.0,walk,221,650,121,802,242,910,802,197,794,515,696,272,213,656,119,802,245,913,801,199,765,501,707,266
11.659,0.1267,-1.0,0.0,walk,221,655,119,802,237,907,802,228,806,515,707,271,214,656,117,802,240,908,801,231,764,501,710,274
11.949,0.16,-1.0,0.0,walk,221,661,117,802,233,905,802,279,808,515,718,271,215,659,113,800,235,908,802,285,764,502,718,274
12.239,0.1933,-1.0,0.0,walk,221,668,114,802,230,903,802,331,798,515,728,271,216,664,112,803,234,902,800,334,764,504,730,272
12.529,0.2267,-1.0,0.0,walk,221,677,112,802,228,901,802,367,770,515,738,273,218,674,109,802,230,903,801,369,763,506,739,272
12.819,0.26,-1.0,0.0,walk,221,687,109,802,226,900,802,379,743,515,746,274,219,682,104,803,227,903,803,378,743,508,742,272
13.109,0.2933,-1.0,0.0,walk,221,697,107,802,226,900,802,378,744,515,754,276,-1,4,104,805,226,905,803,378,744,509,749,273
13.399,0.3267,-1.0,0.0,walk,221,708,105,802,199,936,802,375,745,515,761,279,220,698,102,802,199,-1,-1,802,376,4,765,273
13.689,0.36,-1.0,0.0,walk,221,719,104,802,209,958,802,371,746,515,766,281,225,712,101,803,204,925,802,372,744,516,766,273
13.979,0.3933,-1.0,0.0,walk,221,730,104,802,252,965,802,365,748,515,771,284,225,718,103,805,233,926,803,366,752,520,773,-1
14.269,0.4267,-1.0,0.0,walk,221,740,104,802,306,962,802,358,751,515,775,286,225,725,101,806,255,925,804,360,754,517,771,-1
14.559,0.46,-1.0,0.0,walk,221,750,105,802,352,943,802,350,753,515,777,288,225,737,102,807,292,925,808,346,754,515,765,294
14.849,0.4933,-1.0,0.0,walk,221,759,106,802,377,908,802,341,756,515,779,289,224,747,101,809,335,904,807,335,755,515,775,284
15.139,0.5267,-1.0,0.0,walk,221,767,108,802,379,900,802,331,758,515,780,290,223,757,101,810,352,900,810,326,756,515,776,281
15.429,0.56,-1.0,0.0,walk,221,775,111,802,377,901,802,321,760,515,792,276,-1,-1,101,809,353,898,810,316,756,515,789,285
15.719,0.5933,-1.0,0.0,walk,221,781,113,802,373,902,802,310,761,515,809,239,222,774,109,810,354,-1,-1,809,306,-1,807,285
16.009,0.6267,-1.0,0.0,walk,221,786,116,802,368,904,802,299,762,515,778,228,222,778,111,809,354,904,809,294,756,515,772,285
16.299,0.66,-1.0,0.0,walk,221,790,118,802,362,906,802,288,762,515,727,225,222,784,113,808,354,906,808,285,756,515,722,285
16.589,0.6933,-1.0,0.0,walk,221,793,120,802,355,909,802,278,762,515,675,235,222,786,115,808,350,911,808,275,756,515,671,284
16.879,0.7267,-1.0,0.0,walk,221,795,122,802,346,911,802,268,761,515,639,263,220,791,117,806,342,911,807,267,756,515,637,285
17.169,0.76,-1.0,0.0,walk,221,797,123,802,336,914,802,260,759,515,626,290,220,792,118,803,333,915,806,260,756,514,622,284
17.459,0.7933,-1.0,0.0,walk,221,797,123,802,326,916,802,252,757,515,628,290,223,795,117,800,323,917,804,255,756,514,625,286
17.749,0.8267,-1.0,0.0,walk,221,824,87,802,315,918,802,245,754,515,631,288,223,812,94,799,314,918,803,243,755,513,627,284
18.039,0.86,-1.0,0.0,walk,221,814,65,802,304,919,802,240,752,515,635,287,220,820,85,797,303,916,-1,-1,240,755,631,303
18.329,0.8933,-1.0,0.0,walk,221,771,58,802,293,919,802,235,749,515,640,285,218,795,86,797,298,917,795,235,751,511,638,282
18.619,0.9267,-1.0,0.0,walk,221,717,61,802,283,919,802,231,747,515,647,282,217,766,85,797,294,917,799,232,749,506,650,279
18.909,0.96,-1.0,0.0,walk,221,671,80,802,273,918,802,229,745,515,656,280,215,708,86,798,277,917,800,231,746,501,658,276
19.199,0.9933,-1.0,0.0,walk,221,646,115,802,264,917,802,227,744,515,665,277,213,672,107,802,267,916,804,229,745,501,670,276
19.489,0.0267,-1.0,0.0,walk,221,644,123,802,256,915,802,226,743,515,675,275,213,656,119,802,259,916,801,229,744,501,679,275
