t,ph,spd,trn,FLs,FLdx,FLdz,FLfx,FLfz,FLf,FLt,FLfr,FLtr,FLfa,FLta,FRs,FRdx,FRdz,FRfx,FRfz,FRf,FRt,FRfr,FRtr,FRfa,FRta,RLs,RLdx,RLdz,RLfx,RLfz,RLf,RLt,RLfr,RLtr,RLfa,RLta,RRs,RRdx,RRdz,RRfx,RRfz,RRf,RRt,RRfr,RRtr,RRfa,RRta
21.22,0.072,0.57,0.0,0,5.0,0.0,30.0,-130.0,83.8,-113.9,797,123,802,119,1,-14.0,11.8,11.0,-118.2,81.0,-129.4,235,953,230,928,0,21.6,-2.0,13.6,-140.0,67.8,-108.9,280,726,285,740,0,-16.6,0.0,-24.6,-138.0,41.0,-108.3,634,309,635,296
21.57,0.152,0.81,0.0,0,-3.7,0.0,21.3,-130.0,79.3,-116.7,782,114,-1,-1,1,10.8,15.0,35.8,-115.0,99.3,-123.9,173,934,-1,-1,0,26.1,0.0,18.1,-138.0,71.7,-110.0,267,730,-1,-1,0,-29.8,0.0,-37.8,-138.0,30.1,-103.5,597,326,-1,-1
21.79,0.232,0.92,0.0,0,-15.9,0.0,9.1,-130.0,71.4,-119.0,755,106,-1,-1,1,35.8,7.0,60.8,-123.0,98.1,-103.1,177,863,-1,-1,0,20.7,0.0,12.7,-138.0,68.6,-111.0,278,733,-1,-1,0,-36.6,0.0,-44.6,-138.0,24.4,-100.3,578,337,-1,-1
22.01,0.312,0.96,0.0,0,-27.2,0.0,-2.2,-130.0,62.8,-119.5,726,104,-1,-1,0,37.3,-1.9,62.3,-131.9,90.5,-94.9,203,835,-1,-1,0,10.1,0.0,2.1,-138.0,61.6,-111.9,301,736,-1,-1,1,-27.4,10.5,-35.4,-127.5,34.3,-113.9,611,290,-1,-1
22.25,0.392,0.98,0.0,0,-35.4,0.0,-10.4,-130.0,56.0,-118.9,702,106,-1,-1,0,32.6,-0.3,57.6,-130.3,91.5,-99.4,200,850,-1,-1,0,-2.8,0.0,-10.8,-138.0,52.1,-111.3,334,734,-1,-1,1,8.3,15.0,0.3,-123.0,68.8,-126.0,729,249,-1,-1
22.48,0.472,0.99,0.0,0,-39.5,0.0,-14.5,-130.0,52.5,-118.2,690,108,696,104,0,23.8,0.0,48.8,-130.0,90.2,-105.1,204,870,200,871,0,-15.7,0.0,-23.7,-138.0,41.7,-108.6,369,725,365,730,1,37.3,12.7,29.3,-125.3,87.3,-118.3,792,275,802,275
22.82,0.552,1.0,0.0,1,-31.7,9.1,-6.7,-120.9,63.4,-127.6,728,76,-1,-1,0,12.0,0.0,37.0,-130.0,86.7,-111.1,216,890,-1,-1,0,-26.9,0.0,-34.9,-138.0,32.5,-104.7,401,712,-1,-1,0,38.9,-1.8,30.9,-139.8,76.6,-104.6,756,322,-1,-1
23.02,0.632,1.0,0.0,1,3.5,15.0,28.5,-115.0,95.7,-127.2,838,78,-1,-1,0,-1.2,0.0,23.8,-130.0,80.7,-116.0,236,907,-1,-1,0,-35.2,0.0,-43.2,-138.0,25.6,-101.0,424,699,-1,-1,0,34.0,-0.7,26.0,-138.7,75.2,-107.2,751,313,-1,-1
23.28,0.712,1.0,0.0,1,35.5,15.0,60.5,-115.0,105.0,-109.0,870,140,-1,-1,0,-14.2,0.0,10.8,-130.0,72.6,-118.8,264,917,-1,-1,0,-39.5,0.0,-47.5,-138.0,22.1,-98.8,436,692,-1,-1,0,25.2,0.0,17.2,-138.0,71.2,-110.2,737,303,-1,-1
23.51,0.792,1.0,0.0,0,39.4,-1.5,64.4,-131.5,91.0,-93.7,822,192,-1,-1,0,-25.7,0.0,-0.7,-130.0,64.0,-119.6,293,919,-1,-1,1,-34.5,7.6,-42.5,-130.4,27.5,-108.0,418,723,-1,-1,0,13.6,0.0,5.6,-138.0,64.0,-111.8,713,297,-1,-1
23.71,0.872,1.0,0.0,0,34.9,-1.1,59.9,-131.1,91.0,-97.2,822,180,834,187,0,-34.4,0.0,-9.4,-130.0,56.9,-119.0,318,917,304,913,1,-1.5,15.0,-9.5,-123.0,59.8,-125.4,308,782,305,762,0,0.5,0.0,-7.5,-138.0,54.6,-111.6,681,298,677,-1
24.05,0.952,1.0,0.0,0,26.5,0.0,51.5,-130.0,90.8,-103.5,821,159,-1,-1,0,-39.2,0.0,-14.2,-130.0,52.7,-118.3,332,915,-1,-1,1,32.9,15.0,24.9,-123.0,86.8,-121.8,215,770,-1,-1,0,-12.7,0.0,-20.7,-138.0,44.2,-109.4,645,306,-1,-1
24.25,0.032,1.0,0.0,0,15.2,0.0,40.2,-130.0,87.9,-109.6,811,138,-1,-1,1,-36.8,5.9,-11.8,-124.1,57.2,-124.0,316,934,-1,-1,0,39.6,-1.2,31.6,-139.2,77.3,-104.8,248,712,-1,-1,0,-24.4,0.0,-32.4,-138.0,34.5,-105.7,612,318,-1,-1
24.48,0.112,1.0,0.0,0,2.2,0.0,27.2,-130.0,82.5,-114.9,793,120,-1,-1,1,-6.5,14.8,18.5,-115.2,89.1,-130.4,208,956,-1,-1,0,35.7,-1.4,27.7,-139.4,75.5,-106.0,254,716,-1,-1,0,-33.5,0.0,-41.5,-138.0,27.0,-101.8,587,331,-1,-1
24.71,0.192,1.0,0.0,0,-11.1,0.0,13.9,-130.0,74.8,-118.3,766,108,-1,-1,1,29.8,15.0,54.8,-115.0,104.5,-112.9,155,896,-1,-1,0,27.7,0.0,19.7,-138.0,72.6,-109.6,264,728,-1,-1,0,-38.8,0.0,-46.8,-138.0,22.6,-99.1,571,340,-1,-1
24.93,0.272,1.0,0.0,0,-23.1,0.0,1.9,-130.0,66.1,-119.5,737,104,757,106,0,39.8,-0.9,64.8,-130.9,91.5,-93.9,199,832,189,825,0,16.7,0.0,8.7,-138.0,66.1,-111.5,286,735,286,732,1,-38.5,4.1,-46.5,-133.9,23.6,-103.0,575,327,573,-1
25.28,0.352,1.0,0.0,0,-32.6,0.0,-7.6,-130.0,58.4,-119.2,711,105,-1,-1,0,36.4,-1.7,61.4,-131.7,90.7,-95.7,202,838,-1,-1,0,3.8,0.0,-4.2,-138.0,57.1,-111.9,317,736,-1,-1,1,-11.4,14.4,-19.4,-123.6,50.2,-122.9,666,260,-1,-1
25.5,0.432,1.0,0.0,0,-38.4,0.0,-13.4,-130.0,53.4,-118.4,694,108,-1,-1,0,28.9,0.0,53.9,-130.0,91.2,-102.0,200,859,-1,-1,0,-9.5,0.0,-17.5,-138.0,46.8,-110.1,352,730,-1,-1,1,26.3,15.0,18.3,-123.0,82.7,-123.7,777,257,-1,-1
25.73,0.512,1.0,0.0,1,-39.5,2.3,-14.5,-127.7,53.3,-120.3,693,101,-1,-1,0,18.2,0.0,43.2,-130.0,88.8,-108.1,209,880,-1,-1,0,-21.7,0.0,-29.7,-138.0,36.8,-106.7,386,718,-1,-1,0,39.9,-0.5,31.9,-138.5,78.0,-105.4,760,319,-1,-1
25.96,0.592,1.0,0.0,1,-16.1,13.7,8.9,-116.3,80.5,-131.4,786,63,-1,-1,0,5.5,0.0,30.5,-130.0,84.1,-113.7,225,899,-1,-1,0,-31.6,0.0,-39.6,-138.0,28.6,-102.7,414,705,-1,-1,0,37.1,-1.9,29.1,-139.9,75.7,-105.1,753,320,-1,-1
26.17,0.672,1.0,0.0,1,22.3,15.0,47.3,-115.0,103.0,-117.7,863,110,867,103,0,-7.8,0.0,17.2,-130.0,76.8,-117.7,249,913,215,897,0,-37.9,0.0,-45.9,-138.0,23.4,-99.6,432,694,431,695,0,30.1,0.0,22.1,-138.0,73.8,-109.0,746,307,745,292
26.5,0.752,1.0,0.0,0,40.0,-0.1,65.0,-130.1,92.2,-94.5,826,189,-1,-1,0,-20.3,0.0,4.7,-130.0,68.2,-119.4,279,919,-1,-1,1,-40.0,0.4,-48.0,-137.6,21.7,-98.9,438,692,-1,-1,0,19.7,0.0,11.7,-138.0,68.0,-111.1,726,300,-1,-1
26.7,0.832,1.0,0.0,0,37.7,-2.0,62.7,-132.0,90.5,-94.6,820,189,-1,-1,0,-30.5,0.0,-5.5,-130.0,60.1,-119.4,306,919,-1,-1,1,-20.6,12.9,-28.6,-125.1,41.1,-118.7,371,759,-1,-1,0,7.2,0.0,-0.8,-138.0,59.5,-112.0,697,297,-1,-1
26.91,0.912,1.0,0.0,0,31.1,0.0,56.1,-130.0,91.6,-100.6,824,168,-1,-1,0,-37.3,0.0,-12.3,-130.0,54.3,-118.6,326,916,-1,-1,1,17.9,15.0,9.9,-123.0,76.7,-125.3,250,782,-1,-1,0,-6.2,0.0,-14.2,-138.0,49.4,-110.7,663,301,-1,-1
27.11,0.992,1.0,0.0,0,21.1,0.0,46.1,-130.0,89.6,-106.5,817,148,-1,-1,0,-40.0,0.0,-15.0,-130.0,52.0,-118.1,334,914,-1,-1,1,39.8,1.6,31.8,-136.4,79.6,-107.5,240,721,-1,-1,0,-18.8,0.0,-26.8,-138.0,39.2,-107.7,628,311,-1,-1
27.31,0.072,1.0,0.0,0,8.8,0.0,33.8,-130.0,85.5,-112.4,803,128,817,137,1,-24.7,11.8,0.3,-118.2,71.5,-130.3,268,956,271,928,0,38.2,-2.0,30.2,-140.0,76.1,-104.6,252,711,247,712,0,-29.4,0.0,-37.4,-138.0,30.4,-103.7,598,325,596,302
27.67,0.152,1.0,0.0,0,-4.5,0.0,20.5,-130.0,78.8,-116.9,780,113,-1,-1,1,13.3,15.0,38.3,-115.0,100.3,-122.7,170,930,-1,-1,0,32.2,0.0,24.2,-138.0,74.9,-108.5,256,725,-1,-1,0,-36.7,0.0,-44.7,-138.0,24.4,-100.3,578,337,-1,-1
27.88,0.232,1.0,0.0,0,-17.3,0.0,7.7,-130.0,70.4,-119.2,752,105,-1,-1,1,39.0,7.0,64.0,-123.0,98.2,-100.8,177,855,-1,-1,0,22.6,0.0,14.6,-138.0,69.7,-110.7,274,732,-1,-1,0,-39.9,0.0,-47.9,-138.0,21.7,-98.6,568,342,-1,-1
28.08,0.312,1.0,0.0,0,-28.2,0.0,-3.2,-130.0,62.0,-119.5,723,104,-1,-1,0,38.7,-1.9,63.7,-131.9,90.6,-93.9,202,832,-1,-1,0,10.4,0.0,2.4,-138.0,61.8,-111.9,301,736,-1,-1,1,-28.5,10.5,-36.5,-127.5,33.4,-113.5,608,292,-1,-1
28.3,0.392,1.0,0.0,0,-36.0,0.0,-11.0,-130.0,55.5,-118.8,701,106,-1,-1,0,33.1,-0.3,58.1,-130.3,91.5,-99.1,199,849,-1,-1,0,-2.8,0.0,-10.8,-138.0,52.0,-111.2,334,734,-1,-1,1,8.5,15.0,0.5,-123.0,68.9,-126.0,729,249,-1,-1
28.5,0.472,1.0,0.0,0,-39.7,0.0,-14.7,-130.0,52.2,-118.2,690,109,699,-1,0,23.9,0.0,48.9,-130.0,90.3,-105.0,204,870,-1,195,0,-15.8,0.0,-23.8,-138.0,41.6,-108.6,369,725,369,730,1,37.5,12.7,29.5,-125.3,87.4,-118.2,793,275,801,-1
28.84,0.552,0.92,0.0,1,-29.2,9.1,-4.2,-120.9,65.8,-127.8,736,76,-1,-1,0,11.1,0.0,36.1,-130.0,86.4,-111.5,217,892,-1,-1,0,-24.9,0.0,-32.9,-138.0,34.2,-105.6,395,715,-1,-1,0,35.9,-1.8,27.9,-139.8,75.3,-105.6,751,318,-1,-1
29.05,0.632,0.4,0.0,1,1.4,15.0,26.4,-115.0,94.5,-128.0,834,75,-1,-1,0,-0.5,0.0,24.5,-130.0,81.1,-115.8,235,906,-1,-1,0,-14.1,0.0,-22.1,-138.0,43.1,-109.0,365,726,-1,-1,0,13.6,-0.7,5.6,-138.7,63.6,-111.1,711,300,-1,-1
29.25,0.712,0.17,0.0,1,6.2,15.0,31.2,-115.0,97.1,-126.1,843,82,-1,-1,0,-2.5,0.0,22.5,-130.0,80.0,-116.3,239,908,-1,-1,0,-6.9,0.0,-14.9,-138.0,48.9,-110.6,345,732,-1,-1,0,4.4,0.0,-3.6,-138.0,57.5,-111.9,691,297,-1,-1
29.45,0.792,0.08,0.0,0,3.0,-1.5,28.0,-131.5,81.6,-113.3,790,125,-1,-1,0,-1.9,0.0,23.1,-130.0,80.3,-116.2,238,908,-1,-1,1,-2.6,7.6,-10.6,-130.4,55.6,-118.4,322,759,-1,-1,0,1.0,0.0,-7.0,-138.0,55.0,-111.7,682,298,-1,-1
29.66,0.872,0.03,0.0,0,1.1,-1.1,26.1,-131.1,81.1,-114.2,788,122,800,127,0,-1.1,0.0,23.9,-130.0,80.7,-116.0,236,907,227,904,1,-0.0,15.0,-8.0,-123.0,61.2,-125.5,303,783,305,761,0,0.0,0.0,-8.0,-138.0,54.2,-111.6,679,298,682,-1
29.99,0.952,0.01,0.0,0,0.4,0.0,25.4,-130.0,81.5,-115.5,790,118,-1,-1,0,-0.6,0.0,24.4,-130.0,81.1,-115.8,235,906,-1,-1,1,0.5,15.0,-7.5,-123.0,61.7,-125.6,301,783,-1,-1,0,-0.2,0.0,-8.2,-138.0,54.1,-111.6,679,298,-1,-1
32.11,0.032,0.39,0.0,0,6.0,0.0,31.0,-130.0,84.3,-113.5,799,124,-1,-1,1,-14.5,5.9,10.5,-124.1,76.4,-124.2,251,935,-1,-1,0,15.6,-1.2,7.6,-139.2,64.6,-110.4,291,731,-1,-1,0,-9.6,0.0,-17.6,-138.0,46.7,-110.1,654,303,-1,-1
32.32,0.112,0.74,0.0,0,1.6,0.0,26.6,-130.0,82.2,-115.1,792,119,-1,-1,1,-4.8,14.8,20.2,-115.2,90.3,-129.9,203,954,-1,-1,0,26.3,-1.4,18.3,-139.4,70.8,-108.6,270,725,-1,-1,0,-24.7,0.0,-32.7,-138.0,34.3,-105.6,612,318,-1,-1
32.56,0.192,0.89,0.0,0,-9.8,0.0,15.2,-130.0,75.6,-118.1,769,109,-1,-1,1,26.4,15.0,51.4,-115.0,103.9,-115.1,157,904,-1,-1,0,24.6,0.0,16.6,-138.0,70.8,-110.3,270,731,-1,-1,0,-34.4,0.0,-42.4,-138.0,26.3,-101.4,584,333,-1,-1
32.8,0.272,0.95,0.0,0,-22.0,0.0,3.0,-130.0,67.0,-119.5,740,104,759,106,0,37.9,-0.9,62.9,-130.9,91.4,-95.4,200,837,186,830,0,15.9,0.0,7.9,-138.0,65.5,-111.6,288,735,287,731,1,-36.6,4.1,-44.6,-133.9,25.2,-104.0,581,324,576,283
33.13,0.352,0.98,0.0,0,-31.9,0.0,-6.9,-130.0,59.0,-119.3,713,105,-1,-1,0,35.6,-1.7,60.6,-131.7,90.6,-96.3,202,840,-1,-1,0,3.8,0.0,-4.2,-138.0,57.0,-111.9,317,736,-1,-1,1,-11.2,14.4,-19.2,-123.6,50.4,-122.9,666,259,-1,-1
33.33,0.432,0.99,0.0,0,-38.0,0.0,-13.0,-130.0,53.7,-118.5,695,107,-1,-1,0,28.7,0.0,53.7,-130.0,91.2,-102.2,201,860,-1,-1,0,-9.4,0.0,-17.4,-138.0,46.9,-110.1,352,730,-1,-1,1,26.0,15.0,18.0,-123.0,82.6,-123.8,776,256,-1,-1
33.54,0.512,1.0,0.0,1,-39.4,2.3,-14.4,-127.7,53.4,-120.3,694,101,-1,-1,0,18.2,0.0,43.2,-130.0,88.8,-108.1,209,880,-1,-1,0,-21.6,0.0,-29.6,-138.0,36.9,-106.7,386,719,-1,-1,0,39.8,-0.5,31.8,-138.5,77.9,-105.5,760,319,-1,-1
33.75,0.592,1.0,0.0,1,-16.1,13.7,8.9,-116.3,80.6,-131.4,786,63,-1,-1,0,5.5,0.0,30.5,-130.0,84.0,-113.7,225,899,-1,-1,0,-31.5,0.0,-39.5,-138.0,28.7,-102.8,414,705,-1,-1,0,37.0,-1.9,29.0,-139.9,75.7,-105.2,753,320,-1,-1
33.98,0.672,0.56,0.0,1,12.4,15.0,37.4,-115.0,99.9,-123.1,852,92,857,91,0,-4.4,0.0,20.6,-130.0,78.9,-116.9,242,910,212,897,0,-21.1,0.0,-29.1,-138.0,37.3,-106.9,384,719,385,718,0,16.7,0.0,8.7,-138.0,66.1,-111.5,720,298,717,-1
34.34,0.752,0.24,0.0,0,9.7,-0.1,34.7,-130.1,85.8,-112.0,804,130,-1,-1,0,-4.9,0.0,20.1,-130.0,78.6,-117.0,243,910,-1,-1,1,-9.7,0.4,-17.7,-137.6,46.8,-110.4,352,731,-1,-1,0,4.8,0.0,-3.2,-138.0,57.8,-111.9,691,297,-1,-1
34.54,0.832,0.11,0.0,0,4.0,-2.0,29.0,-132.0,81.8,-112.5,790,128,-1,-1,0,-3.2,0.0,21.8,-130.0,79.6,-116.5,240,909,-1,-1,1,-2.2,12.9,-10.2,-125.1,58.3,-123.4,313,775,-1,-1,0,0.8,0.0,-7.2,-138.0,54.8,-111.6,681,298,-1,-1
34.76,0.912,-0.24,0.0,0,-7.4,0.0,17.6,-130.0,77.1,-117.6,774,111,-1,-1,0,8.9,0.0,33.9,-130.0,85.5,-112.4,220,895,-1,-1,1,-4.3,15.0,-12.3,-123.0,57.2,-125.0,316,781,-1,-1,0,1.5,0.0,-6.5,-138.0,55.3,-111.7,683,298,-1,-1
34.96,0.992,-0.67,0.0,0,-14.1,0.0,10.9,-130.0,72.7,-118.8,759,106,-1,-1,0,26.7,0.0,51.7,-130.0,90.8,-103.4,202,864,-1,-1,1,-26.6,1.6,-34.6,-136.4,33.1,-106.4,398,717,-1,-1,0,12.6,0.0,4.6,-138.0,63.3,-111.8,710,297,-1,-1
35.21,0.072,-0.86,0.0,0,-7.5,0.0,17.5,-130.0,77.0,-117.6,774,110,778,111,1,21.2,11.8,46.2,-118.2,99.8,-116.0,171,907,164,908,0,-32.7,-2.0,-40.7,-140.0,27.2,-100.4,419,697,417,699,0,25.2,0.0,17.2,-138.0,71.2,-110.2,737,303,733,286
35.57,0.152,-0.94,0.0,0,4.2,0.0,29.2,-130.0,83.5,-114.2,796,122,-1,-1,1,-12.5,15.0,12.5,-115.0,84.6,-132.0,223,961,-1,-1,0,-30.2,0.0,-38.2,-138.0,29.8,-103.4,410,707,-1,-1,0,34.4,0.0,26.4,-138.0,75.9,-107.8,753,311,-1,-1
35.81,0.232,-0.97,0.0,0,16.9,0.0,41.9,-130.0,88.4,-108.8,813,141,-1,-1,1,-37.9,7.0,-12.9,-123.0,56.6,-124.9,319,937,-1,-1,0,-21.9,0.0,-29.9,-138.0,36.6,-106.6,387,718,-1,-1,0,38.8,0.0,30.8,-138.0,77.9,-106.3,760,316,-1,-1
36.08,0.312,-0.99,0.0,0,27.9,0.0,52.9,-130.0,91.1,-102.7,822,161,-1,-1,0,-38.2,-1.9,-13.2,-131.9,52.8,-116.7,332,909,-1,-1,0,-10.3,0.0,-18.3,-138.0,46.1,-109.9,354,730,-1,-1,1,28.1,10.5,20.1,-127.5,80.5,-119.3,769,272,-1,-1
36.34,0.392,-0.99,0.0,0,35.8,0.0,60.8,-130.0,92.1,-97.5,825,179,-1,-1,0,-33.0,-0.3,-8.0,-130.3,57.9,-118.9,314,917,-1,-1,0,2.8,0.0,-5.2,-138.0,56.3,-111.8,319,736,-1,-1,1,-8.4,15.0,-16.4,-123.0,53.2,-124.1,676,255,-1,-1
36.57,0.472,-1.0,0.0,0,39.6,0.0,64.6,-130.0,92.3,-94.8,826,188,824,185,0,-23.9,0.0,1.1,-130.0,65.5,-119.6,288,919,285,917,0,15.8,0.0,7.8,-138.0,65.5,-111.6,288,735,287,742,1,-37.5,12.7,-45.5,-125.3,25.5,-110.8,581,301,580,277
36.92,0.552,-1.0,0.0,1,31.7,9.1,56.7,-120.9,99.5,-107.4,851,145,-1,-1,0,-12.0,0.0,13.0,-130.0,74.1,-118.5,259,916,-1,-1,0,27.0,0.0,19.0,-138.0,72.2,-109.8,265,729,-1,-1,0,-39.0,-1.8,-47.0,-139.8,22.1,-97.4,570,346,-1,-1
37.13,0.632,-1.0,0.0,1,-3.5,15.0,21.5,-115.0,91.4,-129.7,823,69,-1,-1,0,1.2,0.0,26.2,-130.0,82.0,-115.2,232,904,-1,-1,0,35.2,0.0,27.2,-138.0,76.3,-107.5,251,721,-1,-1,0,-34.0,-0.7,-42.0,-138.7,26.4,-100.9,585,335,-1,-1
37.34,0.712,-1.0,0.0,1,-35.5,15.0,-10.5,-115.0,62.1,-132.3,723,60,-1,-1,0,14.3,0.0,39.3,-130.0,87.5,-110.0,213,887,-1,-1,0,39.5,0.0,31.5,-138.0,78.2,-106.1,245,716,-1,-1,0,-25.2,0.0,-33.2,-138.0,33.9,-105.4,610,319,-1,-1
37.56,0.792,-1.0,0.0,0,-39.4,-1.5,-14.4,-131.5,51.9,-116.8,689,113,-1,-1,0,25.8,0.0,50.8,-130.0,90.7,-103.9,202,866,-1,-1,1,34.6,7.6,26.6,-130.4,81.8,-114.7,233,746,-1,-1,0,-13.6,0.0,-21.6,-138.0,43.4,-109.2,643,306,-1,-1
37.77,0.872,-1.0,0.0,0,-34.9,-1.1,-9.9,-131.1,55.9,-117.9,702,109,706,113,0,34.4,0.0,59.4,-130.0,91.9,-98.5,198,847,195,850,1,1.5,15.0,-6.5,-123.0,62.6,-125.7,298,783,304,762,0,-0.5,0.0,-8.5,-138.0,53.8,-111.5,678,298,670,276
38.13,0.952,-1.0,0.0,0,-26.5,0.0,-1.5,-130.0,63.4,-119.6,728,104,-1,-1,0,39.2,0.0,64.2,-130.0,92.3,-95.1,197,836,-1,-1,1,-32.9,15.0,-40.9,-123.0,29.8,-115.1,410,747,-1,-1,0,12.7,0.0,4.7,-138.0,63.4,-111.8,711,297,-1,-1
38.36,0.032,-0.61,0.0,0,-9.2,0.0,15.8,-130.0,76.0,-118.0,771,109,-1,-1,1,22.3,5.9,47.3,-124.1,94.9,-110.7,188,889,-1,-1,0,-24.0,-1.2,-32.0,-139.2,34.5,-104.7,394,712,-1,-1,0,14.8,0.0,6.8,-138.0,64.8,-111.7,716,298,-1,-1
38.56,0.112,-0.26,0.0,0,-0.6,0.0,24.4,-130.0,81.0,-115.8,788,117,-1,-1,1,1.7,14.8,26.7,-115.2,94.5,-127.7,189,947,-1,-1,0,-9.4,-1.4,-17.4,-139.4,46.3,-108.8,354,726,-1,-1,0,8.8,0.0,0.8,-138.0,60.7,-112.0,701,297,-1,-1
38.76,0.192,-0.11,0.0,0,1.3,0.0,26.3,-130.0,82.0,-115.2,791,119,-1,-1,1,-3.4,15.0,21.6,-115.0,91.4,-129.7,200,954,-1,-1,0,-3.2,0.0,-11.2,-138.0,51.8,-111.2,335,734,-1,-1,0,4.4,0.0,-3.6,-138.0,57.5,-111.9,691,297,-1,-1
38.96,0.272,-0.05,0.0,0,1.1,0.0,26.1,-130.0,81.9,-115.2,791,119,789,113,0,-2.0,-0.9,23.0,-130.9,79.6,-115.4,240,905,223,898,0,-0.8,0.0,-8.8,-138.0,53.6,-111.5,329,735,328,738,1,1.9,4.1,-6.1,-133.9,57.7,-115.7,691,284,687,-1
39.28,0.352,-0.02,0.0,0,0.7,0.0,25.7,-130.0,81.7,-115.4,790,118,-1,-1,0,-0.8,-1.7,24.2,-131.7,79.6,-114.3,240,901,-1,-1,0,-0.1,0.0,-8.1,-138.0,54.1,-111.6,327,735,-1,-1,1,0.2,14.4,-7.8,-123.6,61.2,-125.0,703,252,-1,-1
55.64,0.432,0.08,0.0,0,-3.1,0.0,21.9,-130.0,79.7,-116.5,783,114,-1,-1,0,2.3,0.0,27.3,-130.0,82.5,-114.9,230,903,-1,-1,0,-0.8,0.0,-8.8,-138.0,53.6,-111.5,329,735,-1,-1,1,2.1,15.0,-5.9,-123.0,63.2,-125.8,710,250,-1,-1
55.86,0.512,0.6,0.0,1,-23.7,2.3,1.3,-127.7,66.9,-121.7,740,97,-1,-1,0,10.9,0.0,35.9,-130.0,86.3,-111.5,217,892,-1,-1,0,-13.0,0.0,-21.0,-138.0,43.9,-109.3,362,727,-1,-1,0,24.0,-0.5,16.0,-138.5,70.2,-109.9,734,304,-1,-1
56.09,0.592,0.83,0.0,1,-13.3,13.7,11.7,-116.3,82.9,-131.0,794,65,-1,-1,0,4.6,0.0,29.6,-130.0,83.6,-114.1,226,900,-1,-1,0,-26.1,0.0,-34.1,-138.0,33.2,-105.1,398,713,-1,-1,0,30.6,-1.9,22.6,-139.9,72.8,-107.1,743,313,-1,-1
56.35,0.672,0.92,0.0,1,20.6,15.0,45.6,-115.0,102.6,-118.7,861,107,864,101,0,-7.2,0.0,17.8,-130.0,77.2,-117.6,248,912,211,895,0,-35.0,0.0,-43.0,-138.0,25.7,-101.1,424,699,425,702,0,27.8,0.0,19.8,-138.0,72.6,-109.6,742,305,740,282
56.71,0.752,0.97,0.0,0,38.7,-0.1,63.7,-130.1,92.2,-95.4,826,186,-1,-1,0,-19.6,0.0,5.4,-130.0,68.7,-119.4,277,919,-1,-1,1,-38.7,0.4,-46.7,-137.6,22.8,-99.6,434,694,-1,-1,0,19.1,0.0,11.1,-138.0,67.6,-111.2,725,299,-1,-1
56.96,0.832,0.99,0.0,0,37.1,-2.0,62.1,-132.0,90.5,-95.0,820,188,-1,-1,0,-30.1,0.0,-5.1,-130.0,60.5,-119.4,305,919,-1,-1,1,-20.3,12.9,-28.3,-125.1,41.3,-118.8,371,760,-1,-1,0,7.1,0.0,-0.9,-138.0,59.5,-112.0,697,297,-1,-1
57.24,0.912,0.99,0.0,0,30.9,0.0,55.9,-130.0,91.5,-100.8,824,168,-1,-1,0,-37.1,0.0,-12.1,-130.0,54.5,-118.6,326,916,-1,-1,1,17.8,15.0,9.8,-123.0,76.6,-125.3,250,782,-1,-1,0,-6.1,0.0,-14.1,-138.0,49.4,-110.8,663,301,-1,-1
57.44,0.992,1.0,0.0,0,21.1,0.0,46.1,-130.0,89.6,-106.6,817,148,-1,-1,0,-39.9,0.0,-14.9,-130.0,52.1,-118.2,334,914,-1,-1,1,39.7,1.6,31.7,-136.4,79.5,-107.5,240,721,-1,-1,0,-18.8,0.0,-26.8,-138.0,39.2,-107.7,628,311,-1,-1
57.66,0.072,1.0,0.0,0,8.8,0.0,33.8,-130.0,85.5,-112.4,803,128,813,134,1,-24.7,11.8,0.3,-118.2,71.5,-130.3,268,956,278,927,0,38.2,-2.0,30.2,-140.0,76.1,-104.7,252,712,247,718,0,-29.4,0.0,-37.4,-138.0,30.5,-103.7,598,325,594,298
57.98,0.152,0.43,0.0,0,-2.0,0.0,23.0,-130.0,80.3,-116.2,785,115,-1,-1,1,5.8,15.0,30.8,-115.0,96.9,-126.2,181,942,-1,-1,0,14.0,0.0,6.0,-138.0,64.2,-111.7,292,736,-1,-1,0,-15.9,0.0,-23.9,-138.0,41.6,-108.5,636,308,-1,-1
58.19,0.232,0.19,0.0,0,-3.3,0.0,21.7,-130.0,79.6,-116.6,783,114,-1,-1,1,7.3,7.0,32.3,-123.0,90.7,-119.1,202,917,-1,-1,0,4.3,0.0,-3.7,-138.0,57.4,-111.9,316,736,-1,-1,0,-7.5,0.0,-15.5,-138.0,48.3,-110.5,659,302,-1,-1
58.4,0.312,0.08,0.0,0,-2.3,0.0,22.7,-130.0,80.1,-116.3,785,115,-1,-1,0,3.2,-1.9,28.2,-131.9,81.4,-112.8,234,896,-1,-1,0,0.9,0.0,-7.1,-138.0,54.9,-111.7,324,735,-1,-1,1,-2.3,10.5,-10.3,-127.5,57.1,-121.2,689,265,-1,-1
58.6,0.392,0.04,0.0,0,-1.3,0.0,23.7,-130.0,80.7,-116.0,787,116,-1,-1,0,1.2,-0.3,26.2,-130.3,81.7,-114.9,233,903,-1,-1,0,-0.1,0.0,-8.1,-138.0,54.1,-111.6,327,735,-1,-1,1,0.3,15.0,-7.7,-123.0,61.5,-125.6,704,250,-1,-1
58.8,0.472,0.02,0.0,0,-0.6,0.0,24.4,-130.0,81.0,-115.8,788,117,792,115,0,0.4,0.0,25.4,-130.0,81.5,-115.5,233,905,227,902,0,-0.2,0.0,-8.2,-138.0,54.0,-111.5,327,735,324,735,1,0.6,12.7,-7.4,-125.3,60.7,-123.6,702,257,699,-1
